{"cameraMode":{"drawMode":0,"name":"Shaded","section":"Shading Mode"},"sceneLighting":true,"audioPlay":false,"sceneViewState":{"m_AlwaysRefresh":false,"showFog":true,"showSkybox":true,"showFlares":true,"showImageEffects":true,"showParticleSystems":true,"showVisualEffectGraphs":true,"m_FxEnabled":true},"in2DMode":false,"pivot":{"x":-1.4615157842636109,"y":-6.808345317840576,"z":-20.213924407958986},"rotation":{"x":0.005243999417871237,"y":0.9770966172218323,"z":-0.2113146185874939,"w":0.034970007836818698},"size":10.26289176940918,"orthographic":false}