{"cameraMode":{"drawMode":0,"name":"Shaded","section":"Shading Mode"},"sceneLighting":true,"audioPlay":false,"sceneViewState":{"m_AlwaysRefresh":false,"showFog":true,"showSkybox":true,"showFlares":true,"showImageEffects":true,"showParticleSystems":true,"showVisualEffectGraphs":true,"m_FxEnabled":true},"in2DMode":false,"pivot":{"x":17.813186645507814,"y":-26.488502502441408,"z":-164.59237670898438},"rotation":{"x":0.0042327698320150379,"y":0.9949349761009216,"z":-0.08530311286449433,"w":0.05495072901248932},"size":85.68975067138672,"orthographic":false}