{"cameraMode":{"drawMode":0,"name":"Shaded","section":"Shading Mode"},"sceneLighting":true,"audioPlay":false,"sceneViewState":{"m_AlwaysRefresh":false,"showFog":true,"showSkybox":true,"showFlares":true,"showImageEffects":true,"showParticleSystems":true,"showVisualEffectGraphs":true,"m_FxEnabled":true},"in2DMode":false,"pivot":{"x":-46.56086730957031,"y":-47.216453552246097,"z":-169.46963500976563},"rotation":{"x":0.018944814801216127,"y":-0.9818031787872315,"z":0.13627715408802033,"w":0.13216282427310944},"size":91.3266372680664,"orthographic":false}