{"cameraMode":{"drawMode":0,"name":"Shaded","section":"Shading Mode"},"sceneLighting":true,"audioPlay":false,"sceneViewState":{"m_AlwaysRefresh":false,"showFog":true,"showSkybox":true,"showFlares":true,"showImageEffects":true,"showParticleSystems":true,"showVisualEffectGraphs":true,"m_FxEnabled":true},"in2DMode":false,"pivot":{"x":1.52876615524292,"y":-4.189711570739746,"z":-42.32114028930664},"rotation":{"x":0.0015467687044292689,"y":0.9978160262107849,"z":-0.061448466032743457,"w":0.026905491948127748},"size":23.908723831176759,"orthographic":false}