{"cameraMode":{"drawMode":0,"name":"Shaded","section":"Shading Mode"},"sceneLighting":true,"audioPlay":false,"sceneViewState":{"m_AlwaysRefresh":false,"showFog":true,"showSkybox":true,"showFlares":true,"showImageEffects":true,"showParticleSystems":true,"showVisualEffectGraphs":true,"m_FxEnabled":true},"in2DMode":false,"pivot":{"x":-2.6629199981689455,"y":2.144660711288452,"z":-0.07026216387748718},"rotation":{"x":0.014806223101913929,"y":0.9848486185073853,"z":-0.1082737147808075,"w":0.1346704214811325},"size":2.832044839859009,"orthographic":false}