{"cameraMode":{"drawMode":0,"name":"Shaded","section":"Shading Mode"},"sceneLighting":true,"audioPlay":false,"sceneViewState":{"m_AlwaysRefresh":false,"showFog":true,"showSkybox":false,"showFlares":true,"showImageEffects":true,"showParticleSystems":true,"showVisualEffectGraphs":true,"m_FxEnabled":true},"in2DMode":false,"pivot":{"x":11.496907234191895,"y":0.7946333885192871,"z":17.917808532714845},"rotation":{"x":-0.005873566493391991,"y":-0.24157361686229707,"z":0.002938005141913891,"w":-0.970659613609314},"size":15.850751876831055,"orthographic":false}